nu_altura,idade_meses_atend,tp_sexo,tipo_aleitamento,nu_peso,dsei_gestao,sg_uf,ds_cbo_familia
97.0,47.0,F,NÃO RECEBE LEITE MATERNO,14.2,PARINTINS,PA,ENFERMEIROS E AFINS
69.0,10.0,F,ALIMENTAÇÃO COMPLEMENTAR,8.0,MATO GROSSO DO SUL,MS,NUTRICIONISTAS
69.0,14.0,M,ALIMENTAÇÃO COMPLEMENTAR,8.3,TOCANTINS,TO,TÉCNICOS E AUXILIARES DE ENFERMAGEM
91.0,48.0,F,NÃO RECEBE LEITE MATERNO,13.1,ALTO RIO SOLIMÕES,AM,TRABALHADORES EM SERVIÇOS DE PROMOÇÃO E APOIO À SAÚDE
92.0,46.0,M,NÃO RECEBE LEITE MATERNO,14.4,MATO GROSSO DO SUL,MS,TRABALHADORES EM SERVIÇOS DE PROMOÇÃO E APOIO À SAÚDE
70.0,13.0,F,ALIMENTAÇÃO COMPLEMENTAR,7.9,LESTE DE RORAIMA,RR,TRABALHADORES EM SERVIÇOS DE PROMOÇÃO E APOIO À SAÚDE
86.0,35.0,F,NÃO RECEBE LEITE MATERNO,12.6,MATO GROSSO DO SUL,MS,TRABALHADORES EM SERVIÇOS DE PROMOÇÃO E APOIO À SAÚDE
92.0,35.0,M,NÃO RECEBE LEITE MATERNO,14.5,MÉDIO RIO SOLIMÕES E AFLUENTES,AM,TÉCNICOS E AUXILIARES DE ENFERMAGEM
68.0,13.0,F,NÃO RECEBE LEITE MATERNO,7.3,LESTE DE RORAIMA,RR,ENFERMEIROS E AFINS
119.0,48.0,F,NÃO RECEBE LEITE MATERNO,21.9,CEARÁ,CE,TRABALHADORES EM SERVIÇOS DE PROMOÇÃO E APOIO À SAÚDE
66.0,11.0,M,ALIMENTAÇÃO COMPLEMENTAR,7.3,MARANHÃO,MA,NUTRICIONISTAS
70.0,9.0,M,EXCLUSIVO,8.5,ALTO RIO SOLIMÕES,AM,TRABALHADORES EM SERVIÇOS DE PROMOÇÃO E APOIO À SAÚDE
106.0,48.0,F,NÃO RECEBE LEITE MATERNO,18.7,XAVANTE,MT,ENFERMEIROS E AFINS
70.0,12.0,F,ALIMENTAÇÃO COMPLEMENTAR,7.7,MATO GROSSO DO SUL,MS,TRABALHADORES EM SERVIÇOS DE PROMOÇÃO E APOIO À SAÚDE
82.0,15.0,F,ALIMENTAÇÃO COMPLEMENTAR,13.3,LESTE DE RORAIMA,RR,TÉCNICOS E AUXILIARES DE ENFERMAGEM
96.5,53.0,F,NÃO RECEBE LEITE MATERNO,15.01,KAIAPÓ DO PARÁ,PA,ENFERMEIROS E AFINS
94.0,37.0,F,ALIMENTAÇÃO COMPLEMENTAR,15.5,LESTE DE RORAIMA,RR,TRABALHADORES EM SERVIÇOS DE PROMOÇÃO E APOIO À SAÚDE
104.0,54.0,F,NÃO RECEBE LEITE MATERNO,16.5,MATO GROSSO DO SUL,MS,TRABALHADORES EM SERVIÇOS DE PROMOÇÃO E APOIO À SAÚDE
89.0,25.0,F,ALIMENTAÇÃO COMPLEMENTAR,16.75,PERNAMBUCO,PE,TRABALHADORES EM SERVIÇOS DE PROMOÇÃO E APOIO À SAÚDE
60.0,6.0,F,EXCLUSIVO,7.0,YANOMAMI,AM,TÉCNICOS E AUXILIARES DE ENFERMAGEM
85.0,24.0,M,NÃO RECEBE LEITE MATERNO,13.7,ALTO RIO JURUÁ,AC,ENFERMEIROS E AFINS
89.0,33.0,F,ALIMENTAÇÃO COMPLEMENTAR,12.5,XINGU,MT,TÉCNICOS E AUXILIARES DE ENFERMAGEM
93.0,25.0,M,NÃO RECEBE LEITE MATERNO,13.2,POTIGUARA,PB,TRABALHADORES EM SERVIÇOS DE PROMOÇÃO E APOIO À SAÚDE
82.0,21.0,F,NÃO RECEBE LEITE MATERNO,11.6,CEARÁ,CE,TRABALHADORES EM SERVIÇOS DE PROMOÇÃO E APOIO À SAÚDE
95.0,39.0,F,NÃO RECEBE LEITE MATERNO,13.3,BAHIA,BA,TRABALHADORES EM SERVIÇOS DE PROMOÇÃO E APOIO À SAÚDE
95.0,45.0,M,NÃO RECEBE LEITE MATERNO,16.2,MARANHÃO,MA,TRABALHADORES EM SERVIÇOS DE PROMOÇÃO E APOIO À SAÚDE
75.0,22.0,F,ALIMENTAÇÃO COMPLEMENTAR,8.5,YANOMAMI,RR,TÉCNICOS E AUXILIARES DE ENFERMAGEM
65.0,7.0,F,EXCLUSIVO,8.7,LITORAL SUL,PR,TÉCNICOS E AUXILIARES DE ENFERMAGEM
48.0,0.0,F,EXCLUSIVO,2.93,ALTO RIO SOLIMÕES,AM,ENFERMEIROS E AFINS
90.0,39.0,M,PREDOMINANTE,13.7,LITORAL SUL,RJ,TÉCNICOS E AUXILIARES DE ENFERMAGEM
89.0,33.0,F,NÃO RECEBE LEITE MATERNO,10.2,INTERIOR SUL,RS,TRABALHADORES EM SERVIÇOS DE PROMOÇÃO E APOIO À SAÚDE
64.0,9.0,F,ALIMENTAÇÃO COMPLEMENTAR,8.0,TOCANTINS,TO,TRABALHADORES EM SERVIÇOS DE PROMOÇÃO E APOIO À SAÚDE
50.0,0.0,F,EXCLUSIVO,3.07,ALTO RIO SOLIMÕES,AM,ENFERMEIROS E AFINS
89.0,28.0,M,ALIMENTAÇÃO COMPLEMENTAR,14.8,CUIABÁ,MT,ENFERMEIROS E AFINS
88.0,27.0,M,NÃO RECEBE LEITE MATERNO,14.6,CEARÁ,CE,TRABALHADORES EM SERVIÇOS DE PROMOÇÃO E APOIO À SAÚDE
71.0,8.0,M,ALIMENTAÇÃO COMPLEMENTAR,8.4,LESTE DE RORAIMA,RR,TRABALHADORES EM SERVIÇOS DE PROMOÇÃO E APOIO À SAÚDE
95.0,35.0,M,NÃO RECEBE LEITE MATERNO,12.1,XAVANTE,MT,ENFERMEIROS E AFINS
75.0,13.0,M,ALIMENTAÇÃO COMPLEMENTAR,9.7,MÉDIO RIO SOLIMÕES E AFLUENTES,AM,ENFERMEIROS E AFINS
80.0,25.0,M,NÃO RECEBE LEITE MATERNO,11.2,ALTO RIO NEGRO,AM,TÉCNICOS E AUXILIARES DE ENFERMAGEM
53.0,1.0,M,EXCLUSIVO,3.4,ALTO RIO SOLIMÕES,AM,TRABALHADORES EM SERVIÇOS DE PROMOÇÃO E APOIO À SAÚDE
115.0,26.0,F,ALIMENTAÇÃO COMPLEMENTAR,15.9,INTERIOR SUL,RS,TRABALHADORES EM SERVIÇOS DE PROMOÇÃO E APOIO À SAÚDE
93.0,37.0,M,NÃO RECEBE LEITE MATERNO,13.8,PARINTINS,AM,ENFERMEIROS E AFINS
55.0,2.0,F,EXCLUSIVO,5.63,ALTO RIO SOLIMÕES,AM,TRABALHADORES EM SERVIÇOS DE PROMOÇÃO E APOIO À SAÚDE
48.0,0.0,M,EXCLUSIVO,2.8,MÉDIO RIO SOLIMÕES E AFLUENTES,AM,TÉCNICOS E AUXILIARES DE ENFERMAGEM
100.0,57.0,M,NÃO RECEBE LEITE MATERNO,16.0,YANOMAMI,RR,ENFERMEIROS E AFINS
91.0,39.0,F,ALIMENTAÇÃO COMPLEMENTAR,15.4,LITORAL SUL,PR,TÉCNICOS E AUXILIARES DE ENFERMAGEM
65.5,6.0,F,EXCLUSIVO,8.9,MATO GROSSO DO SUL,MS,TRABALHADORES EM SERVIÇOS DE PROMOÇÃO E APOIO À SAÚDE
73.0,14.0,F,ALIMENTAÇÃO COMPLEMENTAR,10.1,ALTO RIO NEGRO,AM,TÉCNICOS E AUXILIARES DE ENFERMAGEM
84.0,24.0,M,ALIMENTAÇÃO COMPLEMENTAR,11.4,XAVANTE,MT,ENFERMEIROS E AFINS
82.0,27.0,F,NÃO RECEBE LEITE MATERNO,9.9,PARINTINS,PA,TÉCNICOS E AUXILIARES DE ENFERMAGEM
91.0,26.0,M,NÃO RECEBE LEITE MATERNO,14.3,LESTE DE RORAIMA,RR,TRABALHADORES EM SERVIÇOS DE PROMOÇÃO E APOIO À SAÚDE
64.0,8.0,F,EXCLUSIVO,7.0,MARANHÃO,MA,TRABALHADORES EM SERVIÇOS DE PROMOÇÃO E APOIO À SAÚDE
96.0,28.0,M,NÃO RECEBE LEITE MATERNO,15.3,ALTO RIO JURUÁ,AC,TÉCNICOS E AUXILIARES DE ENFERMAGEM
72.5,23.0,F,PREDOMINANTE,11.4,MATO GROSSO DO SUL,MS,TRABALHADORES EM SERVIÇOS DE PROMOÇÃO E APOIO À SAÚDE
86.0,40.0,M,NÃO RECEBE LEITE MATERNO,13.0,MATO GROSSO DO SUL,MS,TRABALHADORES EM SERVIÇOS DE PROMOÇÃO E APOIO À SAÚDE
102.0,55.0,M,NÃO RECEBE LEITE MATERNO,17.3,ALTO RIO SOLIMÕES,AM,TRABALHADORES EM SERVIÇOS DE PROMOÇÃO E APOIO À SAÚDE
74.0,29.0,F,ALIMENTAÇÃO COMPLEMENTAR,9.7,YANOMAMI,AM,TÉCNICOS E AUXILIARES DE ENFERMAGEM
95.0,48.0,F,NÃO RECEBE LEITE MATERNO,15.2,VILHENA,MT,TÉCNICOS E AUXILIARES DE ENFERMAGEM
85.0,20.0,F,NÃO RECEBE LEITE MATERNO,11.0,MANAUS,AM,TÉCNICOS E AUXILIARES DE ENFERMAGEM
73.0,14.0,F,NÃO RECEBE LEITE MATERNO,10.6,MÉDIO RIO SOLIMÕES E AFLUENTES,AM,TÉCNICOS E AUXILIARES DE ENFERMAGEM
81.0,20.0,M,ALIMENTAÇÃO COMPLEMENTAR,10.5,ALTO RIO SOLIMÕES,AM,TRABALHADORES EM SERVIÇOS DE PROMOÇÃO E APOIO À SAÚDE
81.0,34.0,M,NÃO RECEBE LEITE MATERNO,10.5,MÉDIO RIO SOLIMÕES E AFLUENTES,AM,TÉCNICOS E AUXILIARES DE ENFERMAGEM
105.0,52.0,M,NÃO RECEBE LEITE MATERNO,17.1,ALTO RIO NEGRO,AM,ENFERMEIROS E AFINS
96.0,38.0,M,NÃO RECEBE LEITE MATERNO,14.3,TOCANTINS,TO,TÉCNICOS E AUXILIARES DE ENFERMAGEM
66.0,6.0,F,ALIMENTAÇÃO COMPLEMENTAR,6.75,VILHENA,RO,TÉCNICOS E AUXILIARES DE ENFERMAGEM
60.0,4.0,F,EXCLUSIVO,6.7,ALTO RIO NEGRO,AM,ENFERMEIROS E AFINS
76.0,16.0,F,ALIMENTAÇÃO COMPLEMENTAR,8.5,POTIGUARA,PB,TRABALHADORES EM SERVIÇOS DE PROMOÇÃO E APOIO À SAÚDE
77.0,15.0,F,ALIMENTAÇÃO COMPLEMENTAR,11.7,MANAUS,AM,TÉCNICOS E AUXILIARES DE ENFERMAGEM
91.0,35.0,F,NÃO RECEBE LEITE MATERNO,14.0,PORTO VELHO,RO,TRABALHADORES EM SERVIÇOS DE PROMOÇÃO E APOIO À SAÚDE
92.0,36.0,F,NÃO RECEBE LEITE MATERNO,15.7,XINGU,MT,ENFERMEIROS E AFINS
105.0,51.0,F,NÃO RECEBE LEITE MATERNO,17.1,MATO GROSSO DO SUL,MS,TRABALHADORES EM SERVIÇOS DE PROMOÇÃO E APOIO À SAÚDE
99.0,30.0,F,ALIMENTAÇÃO COMPLEMENTAR,13.0,POTIGUARA,PB,TRABALHADORES EM SERVIÇOS DE PROMOÇÃO E APOIO À SAÚDE
77.0,17.0,F,ALIMENTAÇÃO COMPLEMENTAR,11.8,ARAGUAIA,TO,TRABALHADORES EM SERVIÇOS DE PROMOÇÃO E APOIO À SAÚDE
87.0,36.0,M,NÃO RECEBE LEITE MATERNO,12.0,ALTO RIO JURUÁ,AC,ENFERMEIROS E AFINS
71.5,12.0,M,ALIMENTAÇÃO COMPLEMENTAR,9.0,INTERIOR SUL,RS,TÉCNICOS E AUXILIARES DE ENFERMAGEM
83.5,24.0,F,ALIMENTAÇÃO COMPLEMENTAR,12.2,KAIAPÓ DO MATO GROSSO,MT,ENFERMEIROS E AFINS
103.0,33.0,M,NÃO RECEBE LEITE MATERNO,13.0,CEARÁ,CE,TRABALHADORES EM SERVIÇOS DE PROMOÇÃO E APOIO À SAÚDE
52.0,2.0,M,EXCLUSIVO,4.4,PERNAMBUCO,PE,ENFERMEIROS E AFINS
77.0,14.0,M,NÃO RECEBE LEITE MATERNO,10.3,PERNAMBUCO,PE,TRABALHADORES EM SERVIÇOS DE PROMOÇÃO E APOIO À SAÚDE
56.0,1.0,F,EXCLUSIVO,4.5,ALTO RIO SOLIMÕES,AM,TRABALHADORES EM SERVIÇOS DE PROMOÇÃO E APOIO À SAÚDE
89.0,45.0,F,NÃO RECEBE LEITE MATERNO,10.0,YANOMAMI,RR,ENFERMEIROS E AFINS
107.0,50.0,M,NÃO RECEBE LEITE MATERNO,18.0,XAVANTE,MT,TRABALHADORES EM SERVIÇOS DE PROMOÇÃO E APOIO À SAÚDE
62.5,5.0,F,EXCLUSIVO,7.34,LITORAL SUL,SP,TÉCNICOS E AUXILIARES DE ENFERMAGEM
101.0,41.0,M,NÃO RECEBE LEITE MATERNO,13.8,ALTO RIO SOLIMÕES,AM,TÉCNICOS E AUXILIARES DE ENFERMAGEM
98.0,43.0,M,NÃO RECEBE LEITE MATERNO,14.2,LITORAL SUL,PR,ENFERMEIROS E AFINS
64.0,15.0,F,NÃO RECEBE LEITE MATERNO,6.5,YANOMAMI,RR,TÉCNICOS E AUXILIARES DE ENFERMAGEM
79.0,18.0,M,NÃO RECEBE LEITE MATERNO,10.1,POTIGUARA,PB,TRABALHADORES EM SERVIÇOS DE PROMOÇÃO E APOIO À SAÚDE
63.0,5.0,M,EXCLUSIVO,5.3,LESTE DE RORAIMA,RR,TRABALHADORES EM SERVIÇOS DE PROMOÇÃO E APOIO À SAÚDE
98.0,49.0,F,NÃO RECEBE LEITE MATERNO,13.9,LESTE DE RORAIMA,RR,TRABALHADORES EM SERVIÇOS DE PROMOÇÃO E APOIO À SAÚDE
86.0,34.0,M,NÃO RECEBE LEITE MATERNO,14.0,LESTE DE RORAIMA,RR,TRABALHADORES EM SERVIÇOS DE PROMOÇÃO E APOIO À SAÚDE
96.0,39.0,F,ALIMENTAÇÃO COMPLEMENTAR,13.7,XAVANTE,MT,ENFERMEIROS E AFINS
85.0,26.0,M,NÃO RECEBE LEITE MATERNO,12.4,MATO GROSSO DO SUL,MS,TRABALHADORES EM SERVIÇOS DE PROMOÇÃO E APOIO À SAÚDE
62.0,7.0,M,ALIMENTAÇÃO COMPLEMENTAR,8.9,INTERIOR SUL,RS,TRABALHADORES EM SERVIÇOS DE PROMOÇÃO E APOIO À SAÚDE
59.0,5.0,M,NÃO RECEBE LEITE MATERNO,6.9,ALAGOAS E SERGIPE,AL,TRABALHADORES EM SERVIÇOS DE PROMOÇÃO E APOIO À SAÚDE
87.0,39.0,F,ALIMENTAÇÃO COMPLEMENTAR,10.8,INTERIOR SUL,SC,TÉCNICOS E AUXILIARES DE ENFERMAGEM
76.5,19.0,M,ALIMENTAÇÃO COMPLEMENTAR,10.5,ALTO RIO SOLIMÕES,AM,TRABALHADORES EM SERVIÇOS DE PROMOÇÃO E APOIO À SAÚDE
61.0,4.0,M,PREDOMINANTE,6.0,MARANHÃO,MA,ENFERMEIROS E AFINS
91.0,27.0,M,NÃO RECEBE LEITE MATERNO,15.75,POTIGUARA,PB,TRABALHADORES EM SERVIÇOS DE PROMOÇÃO E APOIO À SAÚDE
74.0,22.0,M,ALIMENTAÇÃO COMPLEMENTAR,9.2,YANOMAMI,RR,TÉCNICOS E AUXILIARES DE ENFERMAGEM
80.5,21.0,M,NÃO RECEBE LEITE MATERNO,10.9,MANAUS,AM,TRABALHADORES EM SERVIÇOS DE PROMOÇÃO E APOIO À SAÚDE
76.0,17.0,F,ALIMENTAÇÃO COMPLEMENTAR,9.1,ALTO RIO NEGRO,AM,ENFERMEIROS E AFINS
57.0,2.0,F,EXCLUSIVO,5.55,LESTE DE RORAIMA,RR,ENFERMEIROS E AFINS
94.0,48.0,F,NÃO RECEBE LEITE MATERNO,16.6,MANAUS,AM,TÉCNICOS E AUXILIARES DE ENFERMAGEM
89.0,37.0,F,ALIMENTAÇÃO COMPLEMENTAR,16.6,INTERIOR SUL,SC,TRABALHADORES EM SERVIÇOS DE PROMOÇÃO E APOIO À SAÚDE
102.0,47.0,M,NÃO RECEBE LEITE MATERNO,13.4,MATO GROSSO DO SUL,MS,TRABALHADORES EM SERVIÇOS DE PROMOÇÃO E APOIO À SAÚDE
62.0,4.0,M,EXCLUSIVO,7.6,PARINTINS,AM,ENFERMEIROS E AFINS
59.0,3.0,M,EXCLUSIVO,5.8,POTIGUARA,PB,TRABALHADORES EM SERVIÇOS DE PROMOÇÃO E APOIO À SAÚDE
97.0,38.0,M,NÃO RECEBE LEITE MATERNO,15.9,POTIGUARA,PB,TÉCNICOS E AUXILIARES DE ENFERMAGEM
73.0,15.0,M,ALIMENTAÇÃO COMPLEMENTAR,10.5,ALAGOAS E SERGIPE,AL,ENFERMEIROS E AFINS
75.0,14.0,M,ALIMENTAÇÃO COMPLEMENTAR,12.8,GUAMÁ-TOCANTINS,PA,TRABALHADORES EM SERVIÇOS DE PROMOÇÃO E APOIO À SAÚDE
70.0,11.0,M,ALIMENTAÇÃO COMPLEMENTAR,9.4,ALTO RIO SOLIMÕES,AM,TRABALHADORES EM SERVIÇOS DE PROMOÇÃO E APOIO À SAÚDE
52.0,0.0,F,EXCLUSIVO,3.36,KAIAPÓ DO MATO GROSSO,MT,TÉCNICOS E AUXILIARES DE ENFERMAGEM
79.0,15.0,M,NÃO RECEBE LEITE MATERNO,10.9,LESTE DE RORAIMA,RR,TRABALHADORES EM SERVIÇOS DE PROMOÇÃO E APOIO À SAÚDE
74.0,7.0,M,NÃO RECEBE LEITE MATERNO,9.0,MATO GROSSO DO SUL,MS,TRABALHADORES EM SERVIÇOS DE PROMOÇÃO E APOIO À SAÚDE
63.0,5.0,M,EXCLUSIVO,6.6,ALTO RIO NEGRO,AM,ENFERMEIROS E AFINS
74.0,16.0,F,ALIMENTAÇÃO COMPLEMENTAR,9.6,ALTO RIO NEGRO,AM,ENFERMEIROS E AFINS
59.0,2.0,M,EXCLUSIVO,5.3,XAVANTE,MT,ENFERMEIROS E AFINS
98.0,53.0,F,ALIMENTAÇÃO COMPLEMENTAR,15.5,AMAPÁ E NORTE DO PARÁ,AP,TRABALHADORES EM SERVIÇOS DE PROMOÇÃO E APOIO À SAÚDE
46.0,0.0,M,EXCLUSIVO,2.7,MATO GROSSO DO SUL,MS,TRABALHADORES EM SERVIÇOS DE PROMOÇÃO E APOIO À SAÚDE
60.0,8.0,M,NÃO RECEBE LEITE MATERNO,7.4,TOCANTINS,TO,TÉCNICOS E AUXILIARES DE ENFERMAGEM
75.0,12.0,F,NÃO RECEBE LEITE MATERNO,8.8,ALTO RIO SOLIMÕES,AM,TRABALHADORES EM SERVIÇOS DE PROMOÇÃO E APOIO À SAÚDE
89.0,34.0,F,NÃO RECEBE LEITE MATERNO,12.8,LESTE DE RORAIMA,RR,TRABALHADORES EM SERVIÇOS DE PROMOÇÃO E APOIO À SAÚDE
89.0,46.0,F,NÃO RECEBE LEITE MATERNO,11.7,ALTO RIO SOLIMÕES,AM,TRABALHADORES EM SERVIÇOS DE PROMOÇÃO E APOIO À SAÚDE
84.0,25.0,M,ALIMENTAÇÃO COMPLEMENTAR,11.7,MATO GROSSO DO SUL,MS,TRABALHADORES EM SERVIÇOS DE PROMOÇÃO E APOIO À SAÚDE
106.0,46.0,F,NÃO RECEBE LEITE MATERNO,15.2,MINAS GERAIS E ESPÍRITO SANTO,MG,TRABALHADORES EM SERVIÇOS DE PROMOÇÃO E APOIO À SAÚDE
73.0,15.0,M,ALIMENTAÇÃO COMPLEMENTAR,8.8,PARINTINS,AM,ENFERMEIROS E AFINS
72.0,15.0,F,ALIMENTAÇÃO COMPLEMENTAR,8.1,LESTE DE RORAIMA,RR,TRABALHADORES EM SERVIÇOS DE PROMOÇÃO E APOIO À SAÚDE
97.0,49.0,F,NÃO RECEBE LEITE MATERNO,13.7,KAIAPÓ DO MATO GROSSO,MT,ENFERMEIROS E AFINS
102.0,51.0,M,NÃO RECEBE LEITE MATERNO,16.3,MANAUS,AM,TÉCNICOS E AUXILIARES DE ENFERMAGEM
78.0,16.0,F,NÃO RECEBE LEITE MATERNO,11.8,PERNAMBUCO,PE,TRABALHADORES EM SERVIÇOS DE PROMOÇÃO E APOIO À SAÚDE
97.0,44.0,F,NÃO RECEBE LEITE MATERNO,13.4,YANOMAMI,AM,TÉCNICOS E AUXILIARES DE ENFERMAGEM
110.0,54.0,M,NÃO RECEBE LEITE MATERNO,20.0,PERNAMBUCO,PE,TRABALHADORES EM SERVIÇOS DE PROMOÇÃO E APOIO À SAÚDE
74.0,14.0,M,ALIMENTAÇÃO COMPLEMENTAR,10.6,PARINTINS,AM,ENFERMEIROS E AFINS
86.5,30.0,F,NÃO RECEBE LEITE MATERNO,11.6,MATO GROSSO DO SUL,MS,TRABALHADORES EM SERVIÇOS DE PROMOÇÃO E APOIO À SAÚDE
70.5,7.0,M,ALIMENTAÇÃO COMPLEMENTAR,9.8,MATO GROSSO DO SUL,MS,NUTRICIONISTAS
82.0,27.0,F,NÃO RECEBE LEITE MATERNO,10.8,MATO GROSSO DO SUL,MS,TRABALHADORES EM SERVIÇOS DE PROMOÇÃO E APOIO À SAÚDE
90.0,43.0,M,NÃO RECEBE LEITE MATERNO,13.8,MATO GROSSO DO SUL,MS,TRABALHADORES EM SERVIÇOS DE PROMOÇÃO E APOIO À SAÚDE
70.5,18.0,F,ALIMENTAÇÃO COMPLEMENTAR,9.02,ALTO RIO SOLIMÕES,AM,TRABALHADORES EM SERVIÇOS DE PROMOÇÃO E APOIO À SAÚDE
85.0,30.0,M,ALIMENTAÇÃO COMPLEMENTAR,10.7,RIO TAPAJÓS,PA,TRABALHADORES EM SERVIÇOS DE PROMOÇÃO E APOIO À SAÚDE
73.0,21.0,F,ALIMENTAÇÃO COMPLEMENTAR,11.3,YANOMAMI,RR,TÉCNICOS E AUXILIARES DE ENFERMAGEM
99.0,54.0,M,NÃO RECEBE LEITE MATERNO,15.2,LESTE DE RORAIMA,RR,TRABALHADORES EM SERVIÇOS DE PROMOÇÃO E APOIO À SAÚDE
82.0,22.0,M,PREDOMINANTE,12.0,XAVANTE,MT,ENFERMEIROS E AFINS
101.0,40.0,M,NÃO RECEBE LEITE MATERNO,16.5,XAVANTE,MT,ENFERMEIROS E AFINS
84.0,24.0,M,ALIMENTAÇÃO COMPLEMENTAR,11.8,INTERIOR SUL,SC,TÉCNICOS E AUXILIARES DE ENFERMAGEM
93.0,37.0,F,NÃO RECEBE LEITE MATERNO,17.3,MATO GROSSO DO SUL,MS,TRABALHADORES EM SERVIÇOS DE PROMOÇÃO E APOIO À SAÚDE
75.0,23.0,F,ALIMENTAÇÃO COMPLEMENTAR,9.3,RIO TAPAJÓS,PA,TRABALHADORES EM SERVIÇOS DE PROMOÇÃO E APOIO À SAÚDE
81.0,22.0,M,ALIMENTAÇÃO COMPLEMENTAR,11.2,INTERIOR SUL,RS,TÉCNICOS E AUXILIARES DE ENFERMAGEM
88.5,29.0,F,ALIMENTAÇÃO COMPLEMENTAR,12.7,MATO GROSSO DO SUL,MS,TRABALHADORES EM SERVIÇOS DE PROMOÇÃO E APOIO À SAÚDE
65.0,6.0,F,ALIMENTAÇÃO COMPLEMENTAR,8.1,ALAGOAS E SERGIPE,AL,TRABALHADORES EM SERVIÇOS DE PROMOÇÃO E APOIO À SAÚDE
80.0,24.0,F,ALIMENTAÇÃO COMPLEMENTAR,11.2,XAVANTE,MT,TRABALHADORES EM SERVIÇOS DE PROMOÇÃO E APOIO À SAÚDE
84.0,23.0,M,NÃO RECEBE LEITE MATERNO,13.6,INTERIOR SUL,SC,TRABALHADORES EM SERVIÇOS DE PROMOÇÃO E APOIO À SAÚDE
117.0,51.0,M,NÃO RECEBE LEITE MATERNO,17.2,AMAPÁ E NORTE DO PARÁ,AP,TÉCNICOS E AUXILIARES DE ENFERMAGEM
60.0,6.0,F,EXCLUSIVO,5.6,ALTO RIO SOLIMÕES,AM,TRABALHADORES EM SERVIÇOS DE PROMOÇÃO E APOIO À SAÚDE
96.0,43.0,F,NÃO RECEBE LEITE MATERNO,20.0,POTIGUARA,PB,TRABALHADORES EM SERVIÇOS DE PROMOÇÃO E APOIO À SAÚDE
71.0,11.0,M,ALIMENTAÇÃO COMPLEMENTAR,8.5,MATO GROSSO DO SUL,MS,TRABALHADORES EM SERVIÇOS DE PROMOÇÃO E APOIO À SAÚDE
91.0,45.0,F,ALIMENTAÇÃO COMPLEMENTAR,13.0,ALTO RIO NEGRO,AM,TÉCNICOS E AUXILIARES DE ENFERMAGEM
70.0,13.0,M,NÃO RECEBE LEITE MATERNO,9.1,PORTO VELHO,RO,TÉCNICOS E AUXILIARES DE ENFERMAGEM
77.0,19.0,M,NÃO RECEBE LEITE MATERNO,9.6,MARANHÃO,MA,TRABALHADORES EM SERVIÇOS DE PROMOÇÃO E APOIO À SAÚDE
98.0,47.0,F,NÃO RECEBE LEITE MATERNO,15.3,GUAMÁ-TOCANTINS,PA,TÉCNICOS E AUXILIARES DE ENFERMAGEM
90.0,39.0,F,NÃO RECEBE LEITE MATERNO,14.0,VALE DO JAVARI,AM,ENFERMEIROS E AFINS
84.0,42.0,F,NÃO RECEBE LEITE MATERNO,11.6,VALE DO JAVARI,AM,ENFERMEIROS E AFINS
76.0,11.0,F,ALIMENTAÇÃO COMPLEMENTAR,8.5,TOCANTINS,TO,TÉCNICOS E AUXILIARES DE ENFERMAGEM
80.0,20.0,M,ALIMENTAÇÃO COMPLEMENTAR,11.9,ALTO RIO SOLIMÕES,AM,TRABALHADORES EM SERVIÇOS DE PROMOÇÃO E APOIO À SAÚDE
89.0,35.0,F,NÃO RECEBE LEITE MATERNO,14.4,LESTE DE RORAIMA,RR,TRABALHADORES EM SERVIÇOS DE PROMOÇÃO E APOIO À SAÚDE
86.0,37.0,M,NÃO RECEBE LEITE MATERNO,11.4,ALTO RIO SOLIMÕES,AM,TRABALHADORES EM SERVIÇOS DE PROMOÇÃO E APOIO À SAÚDE
75.0,9.0,M,ALIMENTAÇÃO COMPLEMENTAR,8.8,PERNAMBUCO,PE,TRABALHADORES EM SERVIÇOS DE PROMOÇÃO E APOIO À SAÚDE
114.0,48.0,M,NÃO RECEBE LEITE MATERNO,21.0,LITORAL SUL,PR,ENFERMEIROS E AFINS
56.0,2.0,M,NÃO RECEBE LEITE MATERNO,7.3,TOCANTINS,TO,TÉCNICOS E AUXILIARES DE ENFERMAGEM
83.0,26.0,F,NÃO RECEBE LEITE MATERNO,11.3,MATO GROSSO DO SUL,MS,TRABALHADORES EM SERVIÇOS DE PROMOÇÃO E APOIO À SAÚDE
90.0,42.0,F,NÃO RECEBE LEITE MATERNO,14.4,XAVANTE,MT,ENFERMEIROS E AFINS
93.0,38.0,M,NÃO RECEBE LEITE MATERNO,14.2,GUAMÁ-TOCANTINS,PA,ENFERMEIROS E AFINS
92.0,26.0,F,NÃO RECEBE LEITE MATERNO,14.5,BAHIA,BA,TRABALHADORES EM SERVIÇOS DE PROMOÇÃO E APOIO À SAÚDE
54.0,0.0,F,EXCLUSIVO,3.7,ALTO RIO NEGRO,AM,ENFERMEIROS E AFINS
66.0,6.0,M,EXCLUSIVO,10.0,MARANHÃO,MA,ENFERMEIROS E AFINS
106.0,53.0,M,NÃO RECEBE LEITE MATERNO,19.1,PERNAMBUCO,PE,TRABALHADORES EM SERVIÇOS DE PROMOÇÃO E APOIO À SAÚDE
92.0,43.0,M,NÃO RECEBE LEITE MATERNO,14.0,MÉDIO RIO SOLIMÕES E AFLUENTES,AM,TÉCNICOS E AUXILIARES DE ENFERMAGEM
67.0,9.0,M,ALIMENTAÇÃO COMPLEMENTAR,9.3,BAHIA,BA,TRABALHADORES EM SERVIÇOS DE PROMOÇÃO E APOIO À SAÚDE
72.0,11.0,M,ALIMENTAÇÃO COMPLEMENTAR,10.2,LESTE DE RORAIMA,RR,TÉCNICOS E AUXILIARES DE ENFERMAGEM
91.0,34.0,M,NÃO RECEBE LEITE MATERNO,12.9,MANAUS,AM,TÉCNICOS E AUXILIARES DE ENFERMAGEM
83.0,44.0,F,NÃO RECEBE LEITE MATERNO,10.4,PARINTINS,AM,ENFERMEIROS E AFINS
88.0,35.0,M,NÃO RECEBE LEITE MATERNO,12.05,LITORAL SUL,PR,ENFERMEIROS E AFINS
72.0,11.0,M,ALIMENTAÇÃO COMPLEMENTAR,10.0,MATO GROSSO DO SUL,MS,ENFERMEIROS E AFINS
76.0,21.0,F,ALIMENTAÇÃO COMPLEMENTAR,8.55,CEARÁ,CE,TRABALHADORES EM SERVIÇOS DE PROMOÇÃO E APOIO À SAÚDE
72.5,17.0,F,ALIMENTAÇÃO COMPLEMENTAR,10.3,MATO GROSSO DO SUL,MS,TRABALHADORES EM SERVIÇOS DE PROMOÇÃO E APOIO À SAÚDE
64.5,7.0,F,EXCLUSIVO,8.0,ALTO RIO SOLIMÕES,AM,TRABALHADORES EM SERVIÇOS DE PROMOÇÃO E APOIO À SAÚDE
79.0,26.0,F,NÃO RECEBE LEITE MATERNO,10.4,KAIAPÓ DO PARÁ,PA,ENFERMEIROS E AFINS
92.0,41.0,F,NÃO RECEBE LEITE MATERNO,12.4,ALTO RIO JURUÁ,AC,ENFERMEIROS E AFINS
85.0,28.0,M,ALIMENTAÇÃO COMPLEMENTAR,11.2,ALTO RIO NEGRO,AM,TÉCNICOS E AUXILIARES DE ENFERMAGEM
96.5,56.0,M,NÃO RECEBE LEITE MATERNO,13.4,ALTO RIO SOLIMÕES,AM,TRABALHADORES EM SERVIÇOS DE PROMOÇÃO E APOIO À SAÚDE
71.5,11.0,F,NÃO RECEBE LEITE MATERNO,8.9,MÉDIO RIO SOLIMÕES E AFLUENTES,AM,TÉCNICOS E AUXILIARES DE ENFERMAGEM
51.0,2.0,M,EXCLUSIVO,3.2,LESTE DE RORAIMA,RR,ENFERMEIROS E AFINS
97.0,41.0,F,NÃO RECEBE LEITE MATERNO,14.1,MANAUS,AM,ENFERMEIROS E AFINS
72.5,13.0,M,ALIMENTAÇÃO COMPLEMENTAR,9.5,VALE DO JAVARI,AM,ENFERMEIROS E AFINS
90.0,38.0,M,NÃO RECEBE LEITE MATERNO,12.5,LESTE DE RORAIMA,RR,ENFERMEIROS E AFINS
94.0,38.0,M,NÃO RECEBE LEITE MATERNO,14.2,ALTO RIO JURUÁ,AC,TÉCNICOS E AUXILIARES DE ENFERMAGEM
100.0,53.0,M,NÃO RECEBE LEITE MATERNO,17.2,LESTE DE RORAIMA,RR,TÉCNICOS E AUXILIARES DE ENFERMAGEM
84.0,24.0,F,NÃO RECEBE LEITE MATERNO,11.1,ALAGOAS E SERGIPE,AL,TRABALHADORES EM SERVIÇOS DE PROMOÇÃO E APOIO À SAÚDE
73.0,16.0,M,ALIMENTAÇÃO COMPLEMENTAR,9.0,ALTO RIO NEGRO,AM,TÉCNICOS E AUXILIARES DE ENFERMAGEM
107.0,44.0,F,NÃO RECEBE LEITE MATERNO,20.9,POTIGUARA,PB,TRABALHADORES EM SERVIÇOS DE PROMOÇÃO E APOIO À SAÚDE
95.0,45.0,M,NÃO RECEBE LEITE MATERNO,15.6,LESTE DE RORAIMA,RR,TRABALHADORES EM SERVIÇOS DE PROMOÇÃO E APOIO À SAÚDE
94.5,45.0,F,NÃO RECEBE LEITE MATERNO,15.2,MATO GROSSO DO SUL,MS,TRABALHADORES EM SERVIÇOS DE PROMOÇÃO E APOIO À SAÚDE
87.0,43.0,M,NÃO RECEBE LEITE MATERNO,13.2,MARANHÃO,MA,TRABALHADORES EM SERVIÇOS DE PROMOÇÃO E APOIO À SAÚDE
73.0,13.0,F,ALIMENTAÇÃO COMPLEMENTAR,10.2,VILHENA,MT,TRABALHADORES EM SERVIÇOS DE PROMOÇÃO E APOIO À SAÚDE
93.5,36.0,F,ALIMENTAÇÃO COMPLEMENTAR,13.6,CEARÁ,CE,TRABALHADORES EM SERVIÇOS DE PROMOÇÃO E APOIO À SAÚDE
89.0,30.0,M,NÃO RECEBE LEITE MATERNO,12.5,CEARÁ,CE,TRABALHADORES EM SERVIÇOS DE PROMOÇÃO E APOIO À SAÚDE
81.0,21.0,F,NÃO RECEBE LEITE MATERNO,12.6,MATO GROSSO DO SUL,MS,TRABALHADORES EM SERVIÇOS DE PROMOÇÃO E APOIO À SAÚDE
73.0,17.0,F,ALIMENTAÇÃO COMPLEMENTAR,9.2,LITORAL SUL,RJ,TÉCNICOS E AUXILIARES DE ENFERMAGEM
109.0,51.0,F,NÃO RECEBE LEITE MATERNO,20.9,PERNAMBUCO,PE,TRABALHADORES EM SERVIÇOS DE PROMOÇÃO E APOIO À SAÚDE
96.5,52.0,F,NÃO RECEBE LEITE MATERNO,12.0,XINGU,MT,TRABALHADORES EM SERVIÇOS DE PROMOÇÃO E APOIO À SAÚDE
81.0,29.0,F,ALIMENTAÇÃO COMPLEMENTAR,13.5,ALTO RIO SOLIMÕES,AM,TRABALHADORES EM SERVIÇOS DE PROMOÇÃO E APOIO À SAÚDE
87.0,33.0,F,NÃO RECEBE LEITE MATERNO,13.7,LITORAL SUL,PR,ENFERMEIROS E AFINS
42.0,0.0,F,EXCLUSIVO,2.73,MATO GROSSO DO SUL,MS,TRABALHADORES EM SERVIÇOS DE PROMOÇÃO E APOIO À SAÚDE
68.0,11.0,F,PREDOMINANTE,7.6,ALTO RIO SOLIMÕES,AM,TÉCNICOS E AUXILIARES DE ENFERMAGEM
81.0,17.0,M,ALIMENTAÇÃO COMPLEMENTAR,12.5,LESTE DE RORAIMA,RR,TRABALHADORES EM SERVIÇOS DE PROMOÇÃO E APOIO À SAÚDE
80.0,24.0,M,ALIMENTAÇÃO COMPLEMENTAR,11.7,ALTO RIO NEGRO,AM,MÉDICOS CLÍNICOS
97.0,36.0,F,ALIMENTAÇÃO COMPLEMENTAR,14.87,INTERIOR SUL,RS,TÉCNICOS E AUXILIARES DE ENFERMAGEM
66.0,8.0,F,ALIMENTAÇÃO COMPLEMENTAR,7.9,ARAGUAIA,MT,TÉCNICOS E AUXILIARES DE ENFERMAGEM
104.0,56.0,F,NÃO RECEBE LEITE MATERNO,15.9,MANAUS,AM,TÉCNICOS E AUXILIARES DE ENFERMAGEM
67.0,7.0,F,ALIMENTAÇÃO COMPLEMENTAR,9.2,LESTE DE RORAIMA,RR,TRABALHADORES EM SERVIÇOS DE PROMOÇÃO E APOIO À SAÚDE
95.0,28.0,M,NÃO RECEBE LEITE MATERNO,14.3,MATO GROSSO DO SUL,MS,TRABALHADORES EM SERVIÇOS DE PROMOÇÃO E APOIO À SAÚDE
52.0,2.0,M,EXCLUSIVO,4.6,ALTO RIO SOLIMÕES,AM,TRABALHADORES EM SERVIÇOS DE PROMOÇÃO E APOIO À SAÚDE
100.0,53.0,M,NÃO RECEBE LEITE MATERNO,12.9,POTIGUARA,PB,TRABALHADORES EM SERVIÇOS DE PROMOÇÃO E APOIO À SAÚDE
84.0,39.0,F,NÃO RECEBE LEITE MATERNO,14.9,MATO GROSSO DO SUL,MS,TRABALHADORES EM SERVIÇOS DE PROMOÇÃO E APOIO À SAÚDE
108.0,40.0,M,NÃO RECEBE LEITE MATERNO,18.0,CEARÁ,CE,TRABALHADORES EM SERVIÇOS DE PROMOÇÃO E APOIO À SAÚDE
96.0,42.0,M,ALIMENTAÇÃO COMPLEMENTAR,13.8,ALTO RIO JURUÁ,AC,TÉCNICOS E AUXILIARES DE ENFERMAGEM
70.0,13.0,F,ALIMENTAÇÃO COMPLEMENTAR,8.0,MÉDIO RIO PURUS,AM,ENFERMEIROS E AFINS
83.0,28.0,M,NÃO RECEBE LEITE MATERNO,11.3,ALTO RIO SOLIMÕES,AM,TRABALHADORES EM SERVIÇOS DE PROMOÇÃO E APOIO À SAÚDE
67.0,8.0,F,ALIMENTAÇÃO COMPLEMENTAR,9.0,PERNAMBUCO,PE,TRABALHADORES EM SERVIÇOS DE PROMOÇÃO E APOIO À SAÚDE
82.5,38.0,M,NÃO RECEBE LEITE MATERNO,12.6,MINAS GERAIS E ESPÍRITO SANTO,MG,NUTRICIONISTAS
81.0,22.0,F,NÃO RECEBE LEITE MATERNO,10.15,TOCANTINS,TO,TÉCNICOS E AUXILIARES DE ENFERMAGEM
69.0,2.0,M,EXCLUSIVO,6.2,ALTO RIO PURUS,AM,TÉCNICOS E AUXILIARES DE ENFERMAGEM
83.0,28.0,M,NÃO RECEBE LEITE MATERNO,10.6,ALTAMIRA,PA,NUTRICIONISTAS
92.0,29.0,F,ALIMENTAÇÃO COMPLEMENTAR,13.0,MATO GROSSO DO SUL,MS,TRABALHADORES EM SERVIÇOS DE PROMOÇÃO E APOIO À SAÚDE
113.0,53.0,M,NÃO RECEBE LEITE MATERNO,18.9,LITORAL SUL,PR,TÉCNICOS E AUXILIARES DE ENFERMAGEM
94.0,50.0,F,NÃO RECEBE LEITE MATERNO,14.2,MATO GROSSO DO SUL,MS,NUTRICIONISTAS
90.0,43.0,M,NÃO RECEBE LEITE MATERNO,14.4,AMAPÁ E NORTE DO PARÁ,AP,TRABALHADORES EM SERVIÇOS DE PROMOÇÃO E APOIO À SAÚDE
88.0,40.0,F,NÃO RECEBE LEITE MATERNO,13.0,PERNAMBUCO,PE,TRABALHADORES EM SERVIÇOS DE PROMOÇÃO E APOIO À SAÚDE
94.0,37.0,M,ALIMENTAÇÃO COMPLEMENTAR,14.6,INTERIOR SUL,SC,TRABALHADORES EM SERVIÇOS DE PROMOÇÃO E APOIO À SAÚDE
89.0,34.0,F,NÃO RECEBE LEITE MATERNO,12.9,ALTAMIRA,PA,NUTRICIONISTAS
71.0,19.0,F,NÃO RECEBE LEITE MATERNO,9.4,XAVANTE,MT,ENFERMEIROS E AFINS
100.0,48.0,M,NÃO RECEBE LEITE MATERNO,15.3,MARANHÃO,MA,TRABALHADORES EM SERVIÇOS DE PROMOÇÃO E APOIO À SAÚDE
62.0,6.0,F,PREDOMINANTE,7.6,ALTO RIO SOLIMÕES,AM,TRABALHADORES EM SERVIÇOS DE PROMOÇÃO E APOIO À SAÚDE
74.0,16.0,F,ALIMENTAÇÃO COMPLEMENTAR,10.0,LITORAL SUL,PR,ENFERMEIROS E AFINS
72.0,14.0,M,ALIMENTAÇÃO COMPLEMENTAR,9.4,MATO GROSSO DO SUL,MS,TRABALHADORES EM SERVIÇOS DE PROMOÇÃO E APOIO À SAÚDE
94.0,45.0,F,NÃO RECEBE LEITE MATERNO,13.6,PORTO VELHO,RO,TÉCNICOS E AUXILIARES DE ENFERMAGEM
86.0,34.0,F,NÃO RECEBE LEITE MATERNO,10.4,MARANHÃO,MA,TRABALHADORES EM SERVIÇOS DE PROMOÇÃO E APOIO À SAÚDE
96.5,51.0,M,NÃO RECEBE LEITE MATERNO,13.8,ALTO RIO SOLIMÕES,AM,TRABALHADORES EM SERVIÇOS DE PROMOÇÃO E APOIO À SAÚDE
66.0,5.0,M,EXCLUSIVO,7.3,MATO GROSSO DO SUL,MS,TRABALHADORES EM SERVIÇOS DE PROMOÇÃO E APOIO À SAÚDE
77.0,17.0,M,ALIMENTAÇÃO COMPLEMENTAR,10.2,TOCANTINS,TO,TÉCNICOS E AUXILIARES DE ENFERMAGEM
72.0,22.0,M,ALIMENTAÇÃO COMPLEMENTAR,8.1,YANOMAMI,AM,ENFERMEIROS E AFINS
92.0,38.0,M,PREDOMINANTE,8.9,PARINTINS,AM,ENFERMEIROS E AFINS
90.0,40.0,M,NÃO RECEBE LEITE MATERNO,15.0,LESTE DE RORAIMA,RR,TRABALHADORES EM SERVIÇOS DE PROMOÇÃO E APOIO À SAÚDE
67.5,9.0,M,PREDOMINANTE,8.7,ALTO RIO SOLIMÕES,AM,TRABALHADORES EM SERVIÇOS DE PROMOÇÃO E APOIO À SAÚDE
74.0,14.0,M,ALIMENTAÇÃO COMPLEMENTAR,12.1,TOCANTINS,TO,TRABALHADORES EM SERVIÇOS DE PROMOÇÃO E APOIO À SAÚDE
90.0,49.0,F,NÃO RECEBE LEITE MATERNO,13.2,YANOMAMI,RR,ENFERMEIROS E AFINS
92.0,37.0,F,NÃO RECEBE LEITE MATERNO,12.9,KAIAPÓ DO PARÁ,PA,TÉCNICOS E AUXILIARES DE ENFERMAGEM
82.0,21.0,F,ALIMENTAÇÃO COMPLEMENTAR,10.8,ALTO RIO SOLIMÕES,AM,TRABALHADORES EM SERVIÇOS DE PROMOÇÃO E APOIO À SAÚDE
96.0,43.0,F,ALIMENTAÇÃO COMPLEMENTAR,14.9,XAVANTE,MT,ENFERMEIROS E AFINS
48.0,0.0,F,EXCLUSIVO,2.87,ALTO RIO SOLIMÕES,AM,ENFERMEIROS E AFINS
60.0,5.0,F,ALIMENTAÇÃO COMPLEMENTAR,5.6,INTERIOR SUL,RS,TÉCNICOS E AUXILIARES DE ENFERMAGEM
78.0,16.0,F,ALIMENTAÇÃO COMPLEMENTAR,10.0,LITORAL SUL,PR,ENFERMEIROS E AFINS
100.0,38.0,M,NÃO RECEBE LEITE MATERNO,16.0,CEARÁ,CE,NUTRICIONISTAS
90.0,34.0,F,NÃO RECEBE LEITE MATERNO,13.1,MATO GROSSO DO SUL,MS,TRABALHADORES EM SERVIÇOS DE PROMOÇÃO E APOIO À SAÚDE
60.0,5.0,M,EXCLUSIVO,6.5,PARINTINS,PA,ENFERMEIROS E AFINS
87.0,26.0,M,NÃO RECEBE LEITE MATERNO,14.2,CEARÁ,CE,TRABALHADORES EM SERVIÇOS DE PROMOÇÃO E APOIO À SAÚDE
86.0,43.0,F,NÃO RECEBE LEITE MATERNO,13.0,MARANHÃO,MA,TRABALHADORES EM SERVIÇOS DE PROMOÇÃO E APOIO À SAÚDE
96.0,38.0,F,ALIMENTAÇÃO COMPLEMENTAR,13.9,ALTAMIRA,PA,NUTRICIONISTAS
109.0,56.0,F,NÃO RECEBE LEITE MATERNO,19.3,MINAS GERAIS E ESPÍRITO SANTO,ES,TRABALHADORES EM SERVIÇOS DE PROMOÇÃO E APOIO À SAÚDE
104.0,30.0,M,NÃO RECEBE LEITE MATERNO,13.7,CEARÁ,CE,TRABALHADORES EM SERVIÇOS DE PROMOÇÃO E APOIO À SAÚDE
101.0,41.0,M,NÃO RECEBE LEITE MATERNO,16.0,CEARÁ,CE,TRABALHADORES EM SERVIÇOS DE PROMOÇÃO E APOIO À SAÚDE
98.0,43.0,F,NÃO RECEBE LEITE MATERNO,16.5,INTERIOR SUL,RS,TÉCNICOS E AUXILIARES DE ENFERMAGEM
64.0,5.0,M,EXCLUSIVO,8.3,LESTE DE RORAIMA,RR,TRABALHADORES EM SERVIÇOS DE PROMOÇÃO E APOIO À SAÚDE
89.0,32.0,M,NÃO RECEBE LEITE MATERNO,17.0,CEARÁ,CE,NUTRICIONISTAS
83.0,23.0,M,NÃO RECEBE LEITE MATERNO,15.5,LESTE DE RORAIMA,RR,ENFERMEIROS E AFINS
93.0,32.0,M,NÃO RECEBE LEITE MATERNO,13.5,RIO TAPAJÓS,PA,ENFERMEIROS E AFINS
97.0,36.0,F,NÃO RECEBE LEITE MATERNO,15.5,PERNAMBUCO,PE,TÉCNICOS E AUXILIARES DE ENFERMAGEM
107.0,54.0,F,NÃO RECEBE LEITE MATERNO,16.86,INTERIOR SUL,RS,TÉCNICOS E AUXILIARES DE ENFERMAGEM
92.0,41.0,M,NÃO RECEBE LEITE MATERNO,12.0,LESTE DE RORAIMA,RR,TRABALHADORES EM SERVIÇOS DE PROMOÇÃO E APOIO À SAÚDE
85.0,30.0,M,NÃO RECEBE LEITE MATERNO,11.5,ALTO RIO SOLIMÕES,AM,TRABALHADORES EM SERVIÇOS DE PROMOÇÃO E APOIO À SAÚDE
66.5,10.0,M,ALIMENTAÇÃO COMPLEMENTAR,9.25,ALTO RIO NEGRO,AM,ENFERMEIROS E AFINS
68.0,4.0,F,EXCLUSIVO,7.6,TOCANTINS,TO,TÉCNICOS E AUXILIARES DE ENFERMAGEM
102.0,52.0,M,ALIMENTAÇÃO COMPLEMENTAR,18.2,ARAGUAIA,GO,ENFERMEIROS E AFINS
67.0,8.0,M,PREDOMINANTE,8.5,ALTO RIO SOLIMÕES,AM,TRABALHADORES EM SERVIÇOS DE PROMOÇÃO E APOIO À SAÚDE
80.5,25.0,M,NÃO RECEBE LEITE MATERNO,10.0,MÉDIO RIO SOLIMÕES E AFLUENTES,AM,ENFERMEIROS E AFINS
95.0,35.0,F,NÃO RECEBE LEITE MATERNO,13.0,CEARÁ,CE,TRABALHADORES EM SERVIÇOS DE PROMOÇÃO E APOIO À SAÚDE
79.5,26.0,F,NÃO RECEBE LEITE MATERNO,10.0,ALTO RIO SOLIMÕES,AM,TRABALHADORES EM SERVIÇOS DE PROMOÇÃO E APOIO À SAÚDE
108.0,56.0,M,NÃO RECEBE LEITE MATERNO,18.8,MATO GROSSO DO SUL,MS,TRABALHADORES EM SERVIÇOS DE PROMOÇÃO E APOIO À SAÚDE
71.0,7.0,M,ALIMENTAÇÃO COMPLEMENTAR,10.2,LITORAL SUL,PR,ENFERMEIROS E AFINS
86.0,39.0,F,NÃO RECEBE LEITE MATERNO,11.8,KAIAPÓ DO PARÁ,PA,ENFERMEIROS E AFINS
82.0,26.0,M,NÃO RECEBE LEITE MATERNO,11.2,PARINTINS,AM,ENFERMEIROS E AFINS
93.0,46.0,F,NÃO RECEBE LEITE MATERNO,15.1,MATO GROSSO DO SUL,MS,TRABALHADORES EM SERVIÇOS DE PROMOÇÃO E APOIO À SAÚDE
73.0,16.0,F,NÃO RECEBE LEITE MATERNO,9.0,LESTE DE RORAIMA,RR,TÉCNICOS E AUXILIARES DE ENFERMAGEM
72.0,13.0,F,NÃO RECEBE LEITE MATERNO,8.7,MARANHÃO,MA,TRABALHADORES EM SERVIÇOS DE PROMOÇÃO E APOIO À SAÚDE
95.0,55.0,F,NÃO RECEBE LEITE MATERNO,13.3,MANAUS,AM,TÉCNICOS E AUXILIARES DE ENFERMAGEM
69.0,16.0,F,PREDOMINANTE,7.9,XAVANTE,MT,ENFERMEIROS E AFINS
82.0,26.0,F,NÃO RECEBE LEITE MATERNO,10.0,PARINTINS,PA,ENFERMEIROS E AFINS
91.0,21.0,M,ALIMENTAÇÃO COMPLEMENTAR,9.9,AMAPÁ E NORTE DO PARÁ,AP,ENFERMEIROS E AFINS
85.0,21.0,F,NÃO RECEBE LEITE MATERNO,11.7,MATO GROSSO DO SUL,MS,TRABALHADORES EM SERVIÇOS DE PROMOÇÃO E APOIO À SAÚDE
70.0,13.0,M,ALIMENTAÇÃO COMPLEMENTAR,8.9,MÉDIO RIO SOLIMÕES E AFLUENTES,AM,ENFERMEIROS E AFINS
92.0,36.0,F,NÃO RECEBE LEITE MATERNO,14.1,BAHIA,BA,TRABALHADORES EM SERVIÇOS DE PROMOÇÃO E APOIO À SAÚDE
90.0,37.0,F,ALIMENTAÇÃO COMPLEMENTAR,11.1,ARAGUAIA,MT,TÉCNICOS E AUXILIARES DE ENFERMAGEM
59.0,2.0,F,EXCLUSIVO,5.1,LESTE DE RORAIMA,RR,ENFERMEIROS E AFINS
59.0,3.0,M,EXCLUSIVO,6.2,MATO GROSSO DO SUL,MS,TRABALHADORES EM SERVIÇOS DE PROMOÇÃO E APOIO À SAÚDE
90.5,39.0,F,NÃO RECEBE LEITE MATERNO,12.2,ALTO RIO SOLIMÕES,AM,TRABALHADORES EM SERVIÇOS DE PROMOÇÃO E APOIO À SAÚDE
81.5,19.0,M,ALIMENTAÇÃO COMPLEMENTAR,11.3,RIO TAPAJÓS,PA,TÉCNICOS E AUXILIARES DE ENFERMAGEM
96.0,42.0,M,ALIMENTAÇÃO COMPLEMENTAR,16.3,KAIAPÓ DO PARÁ,PA,TÉCNICOS E AUXILIARES DE ENFERMAGEM
96.0,43.0,F,NÃO RECEBE LEITE MATERNO,14.6,MATO GROSSO DO SUL,MS,TRABALHADORES EM SERVIÇOS DE PROMOÇÃO E APOIO À SAÚDE
93.0,32.0,M,NÃO RECEBE LEITE MATERNO,14.0,MATO GROSSO DO SUL,MS,TRABALHADORES EM SERVIÇOS DE PROMOÇÃO E APOIO À SAÚDE
87.0,30.0,F,NÃO RECEBE LEITE MATERNO,10.9,MANAUS,AM,TÉCNICOS E AUXILIARES DE ENFERMAGEM
82.0,25.0,F,ALIMENTAÇÃO COMPLEMENTAR,10.65,POTIGUARA,PB,TRABALHADORES EM SERVIÇOS DE PROMOÇÃO E APOIO À SAÚDE
80.0,32.0,M,NÃO RECEBE LEITE MATERNO,11.8,LESTE DE RORAIMA,RR,ENFERMEIROS E AFINS
93.0,46.0,F,NÃO RECEBE LEITE MATERNO,15.1,MARANHÃO,MA,TRABALHADORES EM SERVIÇOS DE PROMOÇÃO E APOIO À SAÚDE
104.0,51.0,M,NÃO RECEBE LEITE MATERNO,16.6,PERNAMBUCO,PE,TRABALHADORES EM SERVIÇOS DE PROMOÇÃO E APOIO À SAÚDE
113.0,56.0,F,NÃO RECEBE LEITE MATERNO,19.0,PERNAMBUCO,PE,TRABALHADORES EM SERVIÇOS DE PROMOÇÃO E APOIO À SAÚDE
73.0,13.0,F,ALIMENTAÇÃO COMPLEMENTAR,9.43,LITORAL SUL,SP,TÉCNICOS E AUXILIARES DE ENFERMAGEM
75.0,20.0,F,ALIMENTAÇÃO COMPLEMENTAR,9.9,ALTO RIO SOLIMÕES,AM,TÉCNICOS E AUXILIARES DE ENFERMAGEM
94.0,51.0,F,NÃO RECEBE LEITE MATERNO,14.5,VALE DO JAVARI,AM,TÉCNICOS E AUXILIARES DE ENFERMAGEM
94.0,50.0,F,NÃO RECEBE LEITE MATERNO,15.4,MÉDIO RIO SOLIMÕES E AFLUENTES,AM,TÉCNICOS E AUXILIARES DE ENFERMAGEM
81.0,15.0,M,NÃO RECEBE LEITE MATERNO,8.7,MATO GROSSO DO SUL,MS,TRABALHADORES EM SERVIÇOS DE PROMOÇÃO E APOIO À SAÚDE
69.0,15.0,F,NÃO RECEBE LEITE MATERNO,7.4,INTERIOR SUL,RS,TÉCNICOS E AUXILIARES DE ENFERMAGEM
73.0,17.0,F,ALIMENTAÇÃO COMPLEMENTAR,8.6,ALTO RIO SOLIMÕES,AM,TRABALHADORES EM SERVIÇOS DE PROMOÇÃO E APOIO À SAÚDE
78.0,34.0,F,NÃO RECEBE LEITE MATERNO,9.19,PORTO VELHO,AM,ENFERMEIROS E AFINS
77.0,28.0,M,ALIMENTAÇÃO COMPLEMENTAR,9.8,ALTO RIO SOLIMÕES,AM,ENFERMEIROS E AFINS
93.0,33.0,F,NÃO RECEBE LEITE MATERNO,12.6,MINAS GERAIS E ESPÍRITO SANTO,MG,TRABALHADORES EM SERVIÇOS DE PROMOÇÃO E APOIO À SAÚDE
97.0,37.0,F,NÃO RECEBE LEITE MATERNO,12.9,ALTO RIO SOLIMÕES,AM,TRABALHADORES EM SERVIÇOS DE PROMOÇÃO E APOIO À SAÚDE
82.0,36.0,F,NÃO RECEBE LEITE MATERNO,10.5,YANOMAMI,AM,ENFERMEIROS E AFINS
98.0,53.0,F,NÃO RECEBE LEITE MATERNO,13.7,PARINTINS,AM,ENFERMEIROS E AFINS
81.0,29.0,M,NÃO RECEBE LEITE MATERNO,11.1,PARINTINS,AM,ENFERMEIROS E AFINS
71.0,13.0,M,ALIMENTAÇÃO COMPLEMENTAR,8.58,KAIAPÓ DO MATO GROSSO,MT,TÉCNICOS E AUXILIARES DE ENFERMAGEM
82.0,27.0,F,NÃO RECEBE LEITE MATERNO,11.2,ALTO RIO SOLIMÕES,AM,TRABALHADORES EM SERVIÇOS DE PROMOÇÃO E APOIO À SAÚDE
90.0,32.0,F,ALIMENTAÇÃO COMPLEMENTAR,12.0,LITORAL SUL,SP,ENFERMEIROS E AFINS
79.0,12.0,F,PREDOMINANTE,9.6,PERNAMBUCO,PE,TRABALHADORES EM SERVIÇOS DE PROMOÇÃO E APOIO À SAÚDE
84.0,27.0,M,NÃO RECEBE LEITE MATERNO,11.7,MARANHÃO,MA,TRABALHADORES EM SERVIÇOS DE PROMOÇÃO E APOIO À SAÚDE
95.0,40.0,M,NÃO RECEBE LEITE MATERNO,12.4,LESTE DE RORAIMA,RR,TRABALHADORES EM SERVIÇOS DE PROMOÇÃO E APOIO À SAÚDE
93.0,40.0,M,NÃO RECEBE LEITE MATERNO,13.0,ALTO RIO SOLIMÕES,AM,TRABALHADORES EM SERVIÇOS DE PROMOÇÃO E APOIO À SAÚDE
68.0,15.0,M,ALIMENTAÇÃO COMPLEMENTAR,8.2,MATO GROSSO DO SUL,MS,TRABALHADORES EM SERVIÇOS DE PROMOÇÃO E APOIO À SAÚDE
93.0,46.0,M,NÃO RECEBE LEITE MATERNO,14.7,LESTE DE RORAIMA,RR,TÉCNICOS E AUXILIARES DE ENFERMAGEM
70.0,6.0,M,EXCLUSIVO,9.8,INTERIOR SUL,RS,TÉCNICOS E AUXILIARES DE ENFERMAGEM
60.0,4.0,F,EXCLUSIVO,8.8,CEARÁ,CE,ENFERMEIROS E AFINS
99.0,42.0,F,NÃO RECEBE LEITE MATERNO,16.1,CEARÁ,CE,TRABALHADORES EM SERVIÇOS DE PROMOÇÃO E APOIO À SAÚDE
68.0,13.0,F,ALIMENTAÇÃO COMPLEMENTAR,6.5,ALTO RIO SOLIMÕES,AM,TRABALHADORES EM SERVIÇOS DE PROMOÇÃO E APOIO À SAÚDE
64.0,8.0,M,ALIMENTAÇÃO COMPLEMENTAR,10.0,CEARÁ,CE,TRABALHADORES EM SERVIÇOS DE PROMOÇÃO E APOIO À SAÚDE
70.0,12.0,F,ALIMENTAÇÃO COMPLEMENTAR,9.3,ALTO RIO SOLIMÕES,AM,TRABALHADORES EM SERVIÇOS DE PROMOÇÃO E APOIO À SAÚDE
84.0,29.0,F,NÃO RECEBE LEITE MATERNO,12.1,PORTO VELHO,RO,ENFERMEIROS E AFINS
91.0,39.0,M,NÃO RECEBE LEITE MATERNO,13.1,MATO GROSSO DO SUL,MS,TRABALHADORES EM SERVIÇOS DE PROMOÇÃO E APOIO À SAÚDE
68.0,12.0,F,PREDOMINANTE,6.7,YANOMAMI,AM,TÉCNICOS E AUXILIARES DE ENFERMAGEM
70.0,7.0,M,ALIMENTAÇÃO COMPLEMENTAR,8.5,LESTE DE RORAIMA,RR,TÉCNICOS E AUXILIARES DE ENFERMAGEM
103.0,55.0,F,NÃO RECEBE LEITE MATERNO,15.9,INTERIOR SUL,SC,TRABALHADORES EM SERVIÇOS DE PROMOÇÃO E APOIO À SAÚDE
101.0,40.0,M,NÃO RECEBE LEITE MATERNO,19.1,XAVANTE,MT,ENFERMEIROS E AFINS
84.0,32.0,M,NÃO RECEBE LEITE MATERNO,12.5,MATO GROSSO DO SUL,MS,TRABALHADORES EM SERVIÇOS DE PROMOÇÃO E APOIO À SAÚDE
80.0,30.0,F,NÃO RECEBE LEITE MATERNO,10.4,ALTAMIRA,PA,NUTRICIONISTAS
95.0,39.0,F,NÃO RECEBE LEITE MATERNO,12.4,MINAS GERAIS E ESPÍRITO SANTO,MG,TRABALHADORES EM SERVIÇOS DE PROMOÇÃO E APOIO À SAÚDE
109.0,51.0,M,NÃO RECEBE LEITE MATERNO,19.8,MATO GROSSO DO SUL,MS,TÉCNICOS E AUXILIARES DE ENFERMAGEM
101.0,34.0,F,NÃO RECEBE LEITE MATERNO,14.1,ALTO RIO SOLIMÕES,AM,TRABALHADORES EM SERVIÇOS DE PROMOÇÃO E APOIO À SAÚDE
65.0,8.0,M,ALIMENTAÇÃO COMPLEMENTAR,8.9,MATO GROSSO DO SUL,MS,TRABALHADORES EM SERVIÇOS DE PROMOÇÃO E APOIO À SAÚDE
83.0,23.0,M,ALIMENTAÇÃO COMPLEMENTAR,11.2,PERNAMBUCO,PE,TRABALHADORES EM SERVIÇOS DE PROMOÇÃO E APOIO À SAÚDE
61.0,3.0,F,EXCLUSIVO,6.15,GUAMÁ-TOCANTINS,PA,TÉCNICOS E AUXILIARES DE ENFERMAGEM
86.0,49.0,F,NÃO RECEBE LEITE MATERNO,16.8,MATO GROSSO DO SUL,MS,TRABALHADORES EM SERVIÇOS DE PROMOÇÃO E APOIO À SAÚDE
70.0,11.0,F,NÃO RECEBE LEITE MATERNO,9.0,INTERIOR SUL,RS,TÉCNICOS E AUXILIARES DE ENFERMAGEM
104.0,44.0,M,NÃO RECEBE LEITE MATERNO,16.0,PERNAMBUCO,PE,TRABALHADORES EM SERVIÇOS DE PROMOÇÃO E APOIO À SAÚDE
81.0,21.0,F,NÃO RECEBE LEITE MATERNO,10.3,POTIGUARA,PB,TRABALHADORES EM SERVIÇOS DE PROMOÇÃO E APOIO À SAÚDE
100.0,48.0,F,NÃO RECEBE LEITE MATERNO,16.5,CEARÁ,CE,NUTRICIONISTAS
80.0,24.0,F,NÃO RECEBE LEITE MATERNO,9.6,ALTO RIO SOLIMÕES,AM,TRABALHADORES EM SERVIÇOS DE PROMOÇÃO E APOIO À SAÚDE
94.0,44.0,M,NÃO RECEBE LEITE MATERNO,10.1,TOCANTINS,TO,TÉCNICOS E AUXILIARES DE ENFERMAGEM
72.0,6.0,M,PREDOMINANTE,8.68,MINAS GERAIS E ESPÍRITO SANTO,MG,TRABALHADORES EM SERVIÇOS DE PROMOÇÃO E APOIO À SAÚDE
98.0,34.0,M,NÃO RECEBE LEITE MATERNO,16.7,MANAUS,AM,ENFERMEIROS E AFINS
77.5,15.0,F,NÃO RECEBE LEITE MATERNO,11.0,MINAS GERAIS E ESPÍRITO SANTO,MG,TRABALHADORES EM SERVIÇOS DE PROMOÇÃO E APOIO À SAÚDE
67.0,12.0,M,PREDOMINANTE,8.7,ALTO RIO SOLIMÕES,AM,TRABALHADORES EM SERVIÇOS DE PROMOÇÃO E APOIO À SAÚDE
81.0,18.0,M,PREDOMINANTE,10.1,ALTO RIO NEGRO,AM,ENFERMEIROS E AFINS
102.0,46.0,F,NÃO RECEBE LEITE MATERNO,16.8,MANAUS,AM,TÉCNICOS E AUXILIARES DE ENFERMAGEM
88.0,30.0,M,NÃO RECEBE LEITE MATERNO,10.6,VILHENA,MT,TÉCNICOS E AUXILIARES DE ENFERMAGEM
76.0,23.0,F,ALIMENTAÇÃO COMPLEMENTAR,9.0,XAVANTE,MT,ENFERMEIROS E AFINS
77.5,24.0,F,NÃO RECEBE LEITE MATERNO,9.6,ALTO RIO JURUÁ,AC,TÉCNICOS E AUXILIARES DE ENFERMAGEM
90.0,27.0,M,NÃO RECEBE LEITE MATERNO,13.8,BAHIA,BA,TRABALHADORES EM SERVIÇOS DE PROMOÇÃO E APOIO À SAÚDE
77.0,14.0,F,NÃO RECEBE LEITE MATERNO,11.4,PERNAMBUCO,PE,TRABALHADORES EM SERVIÇOS DE PROMOÇÃO E APOIO À SAÚDE
88.0,33.0,F,NÃO RECEBE LEITE MATERNO,13.1,CEARÁ,CE,TRABALHADORES EM SERVIÇOS DE PROMOÇÃO E APOIO À SAÚDE
66.0,5.0,M,EXCLUSIVO,7.93,MINAS GERAIS E ESPÍRITO SANTO,MG,TRABALHADORES EM SERVIÇOS DE PROMOÇÃO E APOIO À SAÚDE
73.0,10.0,F,ALIMENTAÇÃO COMPLEMENTAR,8.3,ALTO RIO SOLIMÕES,AM,TRABALHADORES EM SERVIÇOS DE PROMOÇÃO E APOIO À SAÚDE
76.5,18.0,M,ALIMENTAÇÃO COMPLEMENTAR,10.0,ALTO RIO SOLIMÕES,AM,TRABALHADORES EM SERVIÇOS DE PROMOÇÃO E APOIO À SAÚDE
90.0,39.0,F,NÃO RECEBE LEITE MATERNO,14.25,LESTE DE RORAIMA,RR,ENFERMEIROS E AFINS
69.0,15.0,F,ALIMENTAÇÃO COMPLEMENTAR,9.8,MATO GROSSO DO SUL,MS,TRABALHADORES EM SERVIÇOS DE PROMOÇÃO E APOIO À SAÚDE
60.0,7.0,F,ALIMENTAÇÃO COMPLEMENTAR,7.2,RIO TAPAJÓS,PA,TRABALHADORES EM SERVIÇOS DE PROMOÇÃO E APOIO À SAÚDE
92.0,47.0,F,NÃO RECEBE LEITE MATERNO,13.5,MATO GROSSO DO SUL,MS,TRABALHADORES EM SERVIÇOS DE PROMOÇÃO E APOIO À SAÚDE
84.0,19.0,M,NÃO RECEBE LEITE MATERNO,13.0,INTERIOR SUL,RS,TÉCNICOS E AUXILIARES DE ENFERMAGEM
84.0,32.0,M,NÃO RECEBE LEITE MATERNO,11.0,PERNAMBUCO,PE,TRABALHADORES EM SERVIÇOS DE PROMOÇÃO E APOIO À SAÚDE
90.0,36.0,F,NÃO RECEBE LEITE MATERNO,14.5,PARINTINS,AM,ENFERMEIROS E AFINS
72.5,14.0,M,ALIMENTAÇÃO COMPLEMENTAR,9.5,MÉDIO RIO SOLIMÕES E AFLUENTES,AM,TÉCNICOS E AUXILIARES DE ENFERMAGEM
74.0,16.0,M,ALIMENTAÇÃO COMPLEMENTAR,11.85,LESTE DE RORAIMA,RR,ENFERMEIROS E AFINS
82.0,23.0,M,NÃO RECEBE LEITE MATERNO,10.7,MARANHÃO,MA,TÉCNICOS E AUXILIARES DE ENFERMAGEM
72.0,7.0,M,ALIMENTAÇÃO COMPLEMENTAR,10.4,XAVANTE,MT,ENFERMEIROS E AFINS
82.0,48.0,F,ALIMENTAÇÃO COMPLEMENTAR,15.1,ALAGOAS E SERGIPE,AL,TRABALHADORES EM SERVIÇOS DE PROMOÇÃO E APOIO À SAÚDE
49.0,0.0,F,EXCLUSIVO,3.04,ALTO RIO SOLIMÕES,AM,ENFERMEIROS E AFINS
71.0,9.0,M,ALIMENTAÇÃO COMPLEMENTAR,10.2,MATO GROSSO DO SUL,MS,TRABALHADORES EM SERVIÇOS DE PROMOÇÃO E APOIO À SAÚDE
67.0,14.0,M,NÃO RECEBE LEITE MATERNO,8.0,YANOMAMI,RR,TÉCNICOS E AUXILIARES DE ENFERMAGEM
67.0,12.0,F,ALIMENTAÇÃO COMPLEMENTAR,8.0,MATO GROSSO DO SUL,MS,TRABALHADORES EM SERVIÇOS DE PROMOÇÃO E APOIO À SAÚDE
95.0,46.0,F,NÃO RECEBE LEITE MATERNO,14.8,ALTO RIO SOLIMÕES,AM,TRABALHADORES EM SERVIÇOS DE PROMOÇÃO E APOIO À SAÚDE
78.0,18.0,M,ALIMENTAÇÃO COMPLEMENTAR,11.5,KAIAPÓ DO MATO GROSSO,MT,TÉCNICOS E AUXILIARES DE ENFERMAGEM
60.5,4.0,F,EXCLUSIVO,6.22,ALTO RIO SOLIMÕES,AM,TRABALHADORES EM SERVIÇOS DE PROMOÇÃO E APOIO À SAÚDE
91.0,27.0,M,NÃO RECEBE LEITE MATERNO,11.8,PERNAMBUCO,PE,TRABALHADORES EM SERVIÇOS DE PROMOÇÃO E APOIO À SAÚDE
50.0,0.0,F,NÃO RECEBE LEITE MATERNO,3.85,POTIGUARA,PB,TRABALHADORES EM SERVIÇOS DE PROMOÇÃO E APOIO À SAÚDE
87.0,27.0,F,NÃO RECEBE LEITE MATERNO,10.7,MANAUS,AM,TÉCNICOS E AUXILIARES DE ENFERMAGEM
66.0,7.0,F,EXCLUSIVO,7.9,ALTO RIO PURUS,AC,TÉCNICOS E AUXILIARES DE ENFERMAGEM
58.0,5.0,M,NÃO RECEBE LEITE MATERNO,7.8,YANOMAMI,AM,ENFERMEIROS E AFINS
84.0,19.0,M,ALIMENTAÇÃO COMPLEMENTAR,12.5,TOCANTINS,TO,TÉCNICOS E AUXILIARES DE ENFERMAGEM
112.5,53.0,M,NÃO RECEBE LEITE MATERNO,17.4,MATO GROSSO DO SUL,MS,TRABALHADORES EM SERVIÇOS DE PROMOÇÃO E APOIO À SAÚDE
63.5,4.0,M,PREDOMINANTE,7.4,PERNAMBUCO,PE,TRABALHADORES EM SERVIÇOS DE PROMOÇÃO E APOIO À SAÚDE
79.0,21.0,F,ALIMENTAÇÃO COMPLEMENTAR,10.0,MANAUS,AM,ENFERMEIROS E AFINS
100.0,53.0,M,NÃO RECEBE LEITE MATERNO,15.3,LITORAL SUL,PR,ENFERMEIROS E AFINS
73.0,21.0,F,NÃO RECEBE LEITE MATERNO,8.8,MATO GROSSO DO SUL,MS,TRABALHADORES EM SERVIÇOS DE PROMOÇÃO E APOIO À SAÚDE
104.0,39.0,M,NÃO RECEBE LEITE MATERNO,19.3,MATO GROSSO DO SUL,MS,TRABALHADORES EM SERVIÇOS DE PROMOÇÃO E APOIO À SAÚDE
77.0,21.0,F,NÃO RECEBE LEITE MATERNO,10.0,LESTE DE RORAIMA,RR,TÉCNICOS E AUXILIARES DE ENFERMAGEM
78.0,35.0,M,NÃO RECEBE LEITE MATERNO,9.3,YANOMAMI,RR,ENFERMEIROS E AFINS
97.0,48.0,M,NÃO RECEBE LEITE MATERNO,15.5,POTIGUARA,PB,TRABALHADORES EM SERVIÇOS DE PROMOÇÃO E APOIO À SAÚDE
94.0,48.0,F,NÃO RECEBE LEITE MATERNO,17.9,ALTO RIO JURUÁ,AC,ENFERMEIROS E AFINS
70.5,17.0,M,ALIMENTAÇÃO COMPLEMENTAR,9.0,ALTO RIO SOLIMÕES,AM,TRABALHADORES EM SERVIÇOS DE PROMOÇÃO E APOIO À SAÚDE
99.0,50.0,F,NÃO RECEBE LEITE MATERNO,15.6,LESTE DE RORAIMA,RR,TÉCNICOS E AUXILIARES DE ENFERMAGEM
78.0,21.0,M,PREDOMINANTE,11.1,MANAUS,AM,TÉCNICOS E AUXILIARES DE ENFERMAGEM
104.0,48.0,M,NÃO RECEBE LEITE MATERNO,17.5,XAVANTE,MT,ENFERMEIROS E AFINS
104.0,57.0,F,ALIMENTAÇÃO COMPLEMENTAR,17.0,ARAGUAIA,MT,TÉCNICOS E AUXILIARES DE ENFERMAGEM
63.0,5.0,M,NÃO RECEBE LEITE MATERNO,7.9,TOCANTINS,TO,TÉCNICOS E AUXILIARES DE ENFERMAGEM
75.0,11.0,M,NÃO RECEBE LEITE MATERNO,10.0,CEARÁ,CE,TRABALHADORES EM SERVIÇOS DE PROMOÇÃO E APOIO À SAÚDE
82.0,22.0,M,PREDOMINANTE,13.0,RIO TAPAJÓS,PA,TÉCNICOS E AUXILIARES DE ENFERMAGEM
84.0,39.0,M,ALIMENTAÇÃO COMPLEMENTAR,11.2,MARANHÃO,MA,TÉCNICOS E AUXILIARES DE ENFERMAGEM
59.0,7.0,M,EXCLUSIVO,6.6,YANOMAMI,RR,TÉCNICOS E AUXILIARES DE ENFERMAGEM
96.5,46.0,M,NÃO RECEBE LEITE MATERNO,16.6,RIO TAPAJÓS,PA,ENFERMEIROS E AFINS
99.0,42.0,F,NÃO RECEBE LEITE MATERNO,16.4,PERNAMBUCO,PE,TRABALHADORES EM SERVIÇOS DE PROMOÇÃO E APOIO À SAÚDE
69.0,9.0,M,ALIMENTAÇÃO COMPLEMENTAR,8.2,MATO GROSSO DO SUL,MS,NUTRICIONISTAS
84.0,34.0,F,NÃO RECEBE LEITE MATERNO,12.9,MARANHÃO,MA,ENFERMEIROS E AFINS
84.0,35.0,F,NÃO RECEBE LEITE MATERNO,10.85,PARINTINS,AM,ENFERMEIROS E AFINS
70.0,12.0,M,ALIMENTAÇÃO COMPLEMENTAR,8.55,LESTE DE RORAIMA,RR,TRABALHADORES EM SERVIÇOS DE PROMOÇÃO E APOIO À SAÚDE
85.0,31.0,M,ALIMENTAÇÃO COMPLEMENTAR,11.27,MATO GROSSO DO SUL,MS,TRABALHADORES EM SERVIÇOS DE PROMOÇÃO E APOIO À SAÚDE
101.0,49.0,M,NÃO RECEBE LEITE MATERNO,19.1,INTERIOR SUL,RS,TRABALHADORES EM SERVIÇOS DE PROMOÇÃO E APOIO À SAÚDE
92.0,42.0,M,NÃO RECEBE LEITE MATERNO,14.0,ALTO RIO SOLIMÕES,AM,TÉCNICOS E AUXILIARES DE ENFERMAGEM
59.0,4.0,M,EXCLUSIVO,7.0,CEARÁ,CE,TRABALHADORES EM SERVIÇOS DE PROMOÇÃO E APOIO À SAÚDE
71.5,9.0,M,ALIMENTAÇÃO COMPLEMENTAR,8.8,MATO GROSSO DO SUL,MS,TRABALHADORES EM SERVIÇOS DE PROMOÇÃO E APOIO À SAÚDE
84.0,41.0,F,NÃO RECEBE LEITE MATERNO,10.8,YANOMAMI,AM,TÉCNICOS E AUXILIARES DE ENFERMAGEM
94.0,38.0,M,ALIMENTAÇÃO COMPLEMENTAR,14.8,RIO TAPAJÓS,PA,ENFERMEIROS E AFINS
66.0,8.0,M,ALIMENTAÇÃO COMPLEMENTAR,9.2,POTIGUARA,PB,TRABALHADORES EM SERVIÇOS DE PROMOÇÃO E APOIO À SAÚDE
80.0,26.0,M,NÃO RECEBE LEITE MATERNO,10.0,ALTO RIO SOLIMÕES,AM,TRABALHADORES EM SERVIÇOS DE PROMOÇÃO E APOIO À SAÚDE
49.0,2.0,F,EXCLUSIVO,3.7,MANAUS,AM,TÉCNICOS E AUXILIARES DE ENFERMAGEM
57.0,7.0,F,PREDOMINANTE,5.2,MARANHÃO,MA,ENFERMEIROS E AFINS
81.0,16.0,F,ALIMENTAÇÃO COMPLEMENTAR,11.0,PERNAMBUCO,PE,TRABALHADORES EM SERVIÇOS DE PROMOÇÃO E APOIO À SAÚDE
103.0,46.0,M,NÃO RECEBE LEITE MATERNO,16.9,XAVANTE,MT,TÉCNICOS E AUXILIARES DE ENFERMAGEM
113.0,55.0,F,NÃO RECEBE LEITE MATERNO,27.4,POTIGUARA,PB,TRABALHADORES EM SERVIÇOS DE PROMOÇÃO E APOIO À SAÚDE
61.0,6.0,F,ALIMENTAÇÃO COMPLEMENTAR,5.8,MATO GROSSO DO SUL,MS,TRABALHADORES EM SERVIÇOS DE PROMOÇÃO E APOIO À SAÚDE
91.0,40.0,F,NÃO RECEBE LEITE MATERNO,14.8,BAHIA,BA,TRABALHADORES EM SERVIÇOS DE PROMOÇÃO E APOIO À SAÚDE
109.0,51.0,M,NÃO RECEBE LEITE MATERNO,16.6,MARANHÃO,MA,ENFERMEIROS E AFINS
92.0,46.0,F,NÃO RECEBE LEITE MATERNO,12.7,ALTO RIO SOLIMÕES,AM,TRABALHADORES EM SERVIÇOS DE PROMOÇÃO E APOIO À SAÚDE
83.0,18.0,M,PREDOMINANTE,9.2,MANAUS,AM,TRABALHADORES EM SERVIÇOS DE PROMOÇÃO E APOIO À SAÚDE
84.0,33.0,M,NÃO RECEBE LEITE MATERNO,13.0,MATO GROSSO DO SUL,MS,TRABALHADORES EM SERVIÇOS DE PROMOÇÃO E APOIO À SAÚDE
56.0,2.0,F,EXCLUSIVO,5.07,MATO GROSSO DO SUL,MS,ENFERMEIROS E AFINS
94.5,45.0,F,NÃO RECEBE LEITE MATERNO,14.5,ALTO RIO SOLIMÕES,AM,TRABALHADORES EM SERVIÇOS DE PROMOÇÃO E APOIO À SAÚDE
60.0,4.0,M,EXCLUSIVO,6.8,LITORAL SUL,PR,ENFERMEIROS E AFINS
78.0,23.0,M,NÃO RECEBE LEITE MATERNO,9.6,PERNAMBUCO,PE,TRABALHADORES EM SERVIÇOS DE PROMOÇÃO E APOIO À SAÚDE
101.0,37.0,M,NÃO RECEBE LEITE MATERNO,19.0,ALAGOAS E SERGIPE,AL,TRABALHADORES EM SERVIÇOS DE PROMOÇÃO E APOIO À SAÚDE
71.0,8.0,M,PREDOMINANTE,9.85,MARANHÃO,MA,ENFERMEIROS E AFINS
99.0,37.0,M,NÃO RECEBE LEITE MATERNO,13.1,PORTO VELHO,RO,ENFERMEIROS E AFINS
73.0,18.0,F,ALIMENTAÇÃO COMPLEMENTAR,10.4,MATO GROSSO DO SUL,MS,TRABALHADORES EM SERVIÇOS DE PROMOÇÃO E APOIO À SAÚDE
82.0,30.0,M,NÃO RECEBE LEITE MATERNO,11.7,YANOMAMI,AM,ENFERMEIROS E AFINS
85.5,31.0,F,ALIMENTAÇÃO COMPLEMENTAR,10.5,MÉDIO RIO SOLIMÕES E AFLUENTES,AM,TÉCNICOS E AUXILIARES DE ENFERMAGEM
102.0,57.0,F,NÃO RECEBE LEITE MATERNO,19.75,LITORAL SUL,SP,TÉCNICOS E AUXILIARES DE ENFERMAGEM
50.0,0.0,F,EXCLUSIVO,3.8,ALTO RIO NEGRO,AM,ENFERMEIROS E AFINS
74.0,22.0,F,ALIMENTAÇÃO COMPLEMENTAR,8.9,YANOMAMI,AM,TÉCNICOS E AUXILIARES DE ENFERMAGEM
64.0,6.0,F,EXCLUSIVO,5.6,RIO TAPAJÓS,PA,ENFERMEIROS E AFINS
67.0,8.0,F,PREDOMINANTE,9.6,INTERIOR SUL,RS,TÉCNICOS E AUXILIARES DE ENFERMAGEM
64.0,7.0,M,EXCLUSIVO,6.8,KAIAPÓ DO MATO GROSSO,MT,ENFERMEIROS E AFINS
90.0,15.0,M,NÃO RECEBE LEITE MATERNO,11.6,CEARÁ,CE,TRABALHADORES EM SERVIÇOS DE PROMOÇÃO E APOIO À SAÚDE
56.0,1.0,M,EXCLUSIVO,5.2,XAVANTE,MT,ENFERMEIROS E AFINS
84.0,18.0,F,NÃO RECEBE LEITE MATERNO,12.7,MINAS GERAIS E ESPÍRITO SANTO,ES,TRABALHADORES EM SERVIÇOS DE PROMOÇÃO E APOIO À SAÚDE
84.0,26.0,F,NÃO RECEBE LEITE MATERNO,12.65,LITORAL SUL,PR,ENFERMEIROS E AFINS
88.0,26.0,F,NÃO RECEBE LEITE MATERNO,12.6,BAHIA,BA,TRABALHADORES EM SERVIÇOS DE PROMOÇÃO E APOIO À SAÚDE
80.0,23.0,F,NÃO RECEBE LEITE MATERNO,10.6,PARINTINS,AM,ENFERMEIROS E AFINS
93.0,40.0,M,NÃO RECEBE LEITE MATERNO,12.3,MARANHÃO,MA,TRABALHADORES EM SERVIÇOS DE PROMOÇÃO E APOIO À SAÚDE
98.0,50.0,M,NÃO RECEBE LEITE MATERNO,16.4,ALTO RIO SOLIMÕES,AM,TRABALHADORES EM SERVIÇOS DE PROMOÇÃO E APOIO À SAÚDE
97.0,30.0,F,NÃO RECEBE LEITE MATERNO,15.2,CEARÁ,CE,TRABALHADORES EM SERVIÇOS DE PROMOÇÃO E APOIO À SAÚDE
49.0,3.0,M,PREDOMINANTE,8.6,ALTO RIO SOLIMÕES,AM,TRABALHADORES EM SERVIÇOS DE PROMOÇÃO E APOIO À SAÚDE
93.5,51.0,M,NÃO RECEBE LEITE MATERNO,12.66,ALTO RIO SOLIMÕES,AM,TRABALHADORES EM SERVIÇOS DE PROMOÇÃO E APOIO À SAÚDE
94.0,36.0,M,NÃO RECEBE LEITE MATERNO,15.1,PERNAMBUCO,PE,TRABALHADORES EM SERVIÇOS DE PROMOÇÃO E APOIO À SAÚDE
70.0,17.0,F,NÃO RECEBE LEITE MATERNO,9.5,LESTE DE RORAIMA,RR,ENFERMEIROS E AFINS
92.5,38.0,M,NÃO RECEBE LEITE MATERNO,12.6,ALTO RIO SOLIMÕES,AM,TRABALHADORES EM SERVIÇOS DE PROMOÇÃO E APOIO À SAÚDE
95.0,42.0,M,NÃO RECEBE LEITE MATERNO,15.3,XINGU,MT,ENFERMEIROS E AFINS
79.0,26.0,F,ALIMENTAÇÃO COMPLEMENTAR,11.3,ALTO RIO NEGRO,AM,TÉCNICOS E AUXILIARES DE ENFERMAGEM
96.0,44.0,M,NÃO RECEBE LEITE MATERNO,15.1,KAIAPÓ DO MATO GROSSO,MT,TÉCNICOS E AUXILIARES DE ENFERMAGEM
104.0,48.0,M,NÃO RECEBE LEITE MATERNO,15.1,BAHIA,BA,TRABALHADORES EM SERVIÇOS DE PROMOÇÃO E APOIO À SAÚDE
102.0,41.0,M,NÃO RECEBE LEITE MATERNO,20.0,INTERIOR SUL,RS,TRABALHADORES EM SERVIÇOS DE PROMOÇÃO E APOIO À SAÚDE
97.0,34.0,M,NÃO RECEBE LEITE MATERNO,15.0,INTERIOR SUL,RS,TÉCNICOS E AUXILIARES DE ENFERMAGEM
87.0,29.0,F,NÃO RECEBE LEITE MATERNO,11.5,PORTO VELHO,RO,TÉCNICOS E AUXILIARES DE ENFERMAGEM
102.0,36.0,M,ALIMENTAÇÃO COMPLEMENTAR,17.6,ARAGUAIA,TO,TRABALHADORES EM SERVIÇOS DE PROMOÇÃO E APOIO À SAÚDE
83.0,20.0,M,ALIMENTAÇÃO COMPLEMENTAR,11.5,MÉDIO RIO SOLIMÕES E AFLUENTES,AM,ENFERMEIROS E AFINS
96.0,38.0,F,NÃO RECEBE LEITE MATERNO,13.2,INTERIOR SUL,RS,TÉCNICOS E AUXILIARES DE ENFERMAGEM
97.0,47.0,F,NÃO RECEBE LEITE MATERNO,14.9,ALTO RIO SOLIMÕES,AM,TRABALHADORES EM SERVIÇOS DE PROMOÇÃO E APOIO À SAÚDE
52.0,0.0,F,EXCLUSIVO,3.46,MARANHÃO,MA,ENFERMEIROS E AFINS
63.0,13.0,F,NÃO RECEBE LEITE MATERNO,11.0,MANAUS,AM,TÉCNICOS E AUXILIARES DE ENFERMAGEM
57.0,2.0,M,EXCLUSIVO,5.3,YANOMAMI,RR,TÉCNICOS E AUXILIARES DE ENFERMAGEM
96.0,50.0,M,ALIMENTAÇÃO COMPLEMENTAR,18.0,ARAGUAIA,GO,ENFERMEIROS E AFINS
100.0,35.0,F,ALIMENTAÇÃO COMPLEMENTAR,15.9,CUIABÁ,MT,TÉCNICOS E AUXILIARES DE ENFERMAGEM
99.0,38.0,F,NÃO RECEBE LEITE MATERNO,16.7,MATO GROSSO DO SUL,MS,TRABALHADORES EM SERVIÇOS DE PROMOÇÃO E APOIO À SAÚDE
79.0,22.0,F,NÃO RECEBE LEITE MATERNO,9.4,RIO TAPAJÓS,PA,TÉCNICOS E AUXILIARES DE ENFERMAGEM
89.0,44.0,M,ALIMENTAÇÃO COMPLEMENTAR,13.0,YANOMAMI,RR,TÉCNICOS E AUXILIARES DE ENFERMAGEM
68.0,9.0,F,PREDOMINANTE,8.0,ALTO RIO PURUS,AC,TÉCNICOS E AUXILIARES DE ENFERMAGEM
